timestamp,cpu_usage,cpu_wait,mem_usage,io_tps,io_read,io_write,net_in,net_out,anomaly,status,abnormal_dims
2025-09-15 21:40:29,2,0,0.4550155118924509,6.26,109.2,318.04,3832,3204,1,正常,正常
2025-09-15 21:40:30,17,0,0.4550155118924509,7.26,121.2,318.02,4932,4812,1,正常,正常
2025-09-15 21:40:32,3,0,0.4552740434332988,6.26,109.19,318.0,3346,3346,1,正常,正常
2025-09-15 21:40:33,13,0,0.4555325749741468,6.26,109.18,317.98,4508,4480,1,正常,正常
2025-09-15 21:40:35,3,0,0.4547569803516029,7.26,113.17,317.95,3746,3764,1,正常,正常
2025-09-15 21:40:36,15,0,0.4539813857290589,9.26,113.17,333.94,4562,4572,1,正常,正常
2025-09-15 21:40:38,6,0,0.4542399172699069,8.26,117.16,317.91,4088,3816,1,正常,正常
2025-09-15 21:40:40,8,0,0.4537228541882109,6.26,109.15,317.88,4204,4308,1,正常,正常
2025-09-15 21:40:41,8,0,0.4542399172699069,8.26,109.14,333.86,4882,5030,1,正常,正常
2025-09-15 21:40:43,6,0,0.4539813857290589,8.26,121.13,317.83,4268,4382,1,正常,正常
2025-09-15 21:40:44,9,0,0.4542399172699069,6.26,109.13,317.82,5470,5486,1,正常,正常
2025-09-15 21:40:46,5,0,0.4539813857290589,8.26,109.12,341.8,4424,4568,1,正常,正常
2025-09-15 21:40:48,14,0,0.4539813857290589,6.26,109.11,317.77,5994,5776,1,正常,正常
2025-09-15 21:40:49,4,0,0.4542399172699069,7.25,113.06,317.75,7848,8508,1,正常,正常
2025-09-15 21:40:51,14,0,0.4544984488107549,8.26,109.09,341.72,4926,4890,1,正常,正常
2025-09-15 21:40:52,3,0,0.4542399172699069,6.26,109.09,317.71,3628,3552,1,正常,正常
2025-09-15 21:40:54,12,0,0.4542399172699069,6.25,109.08,317.68,6896,7274,1,正常,正常
2025-09-15 21:40:56,17,0,0.4544984488107549,12.25,109.07,369.65,4124,4324,1,正常,正常
2025-09-15 21:40:57,9,0,0.4547569803516029,6.25,109.06,317.64,10904,12316,1,正常,正常
2025-09-15 21:40:59,6,0,0.4547569803516029,6.25,109.05,317.61,4118,4254,1,正常,正常
2025-09-15 21:41:02,9,0,0.4547569803516029,10.25,109.04,353.58,4064,4124,1,正常,正常
2025-09-15 21:41:03,16,0,0.4544984488107549,6.25,109.04,317.57,4826,4260,1,正常,正常
2025-09-15 21:41:05,8,0,0.4547569803516029,6.25,109.02,317.54,4016,4030,1,正常,正常
2025-09-15 21:41:07,8,0,0.4544984488107549,6.25,109.01,317.51,10180,10934,1,正常,正常
2025-09-15 21:41:08,14,0,0.4550155118924509,6.25,109.01,317.49,4818,4692,1,正常,正常
2025-09-15 21:41:10,4,0,0.4544984488107549,6.25,109.0,317.46,3876,4018,1,正常,正常
2025-09-15 21:41:11,12,0,0.4544984488107549,12.19,108.99,372.9,5198,5148,1,正常,正常
2025-09-15 21:41:13,4,0,0.4544984488107549,6.25,108.98,317.42,3576,3552,1,正常,正常
2025-09-15 21:41:14,20,0,0.4547569803516029,7.25,112.98,317.41,4970,5340,1,正常,正常
2025-09-15 21:41:16,15,0,0.4614788004136504,20.25,108.97,441.38,3962,4236,1,正常,正常
2025-09-15 21:41:18,25,0,0.4643226473629783,6.25,108.96,317.35,5272,5522,1,正常,正常
2025-09-15 21:41:21,25,0,0.4656153050672182,19.25,108.94,433.31,4446,5334,-1,异常,"CPU,MEM,IO,NET"
2025-09-15 21:41:22,17,0,0.4658738366080662,6.25,108.94,317.3,4148,4394,1,正常,正常
2025-09-15 21:41:24,23,0,0.4671664943123061,6.25,108.93,317.27,5396,5538,1,正常,正常
2025-09-15 21:41:25,18,0,0.4658738366080662,6.25,108.92,317.25,3884,4448,1,正常,正常
2025-09-15 21:41:27,23,0,0.4674250258531541,6.25,108.91,317.22,4662,4858,1,正常,正常
2025-09-15 21:41:29,27,0,0.46794208893485,6.25,108.9,317.19,4270,4526,1,正常,正常
2025-09-15 21:41:30,21,0,0.4697518097207859,6.25,108.9,317.18,4974,5428,1,正常,正常
2025-09-15 21:41:32,19,0,0.4700103412616339,6.25,108.89,317.15,4290,4582,1,正常,正常
2025-09-15 21:41:33,26,0,0.46923474663909,6.25,108.88,317.14,4346,4480,1,正常,正常
2025-09-15 21:41:36,27,0,0.4707859358841779,6.25,108.87,317.11,3790,4042,1,正常,正常
2025-09-15 21:41:38,22,0,0.4697518097207859,7.25,112.86,317.08,4732,5114,1,正常,正常
2025-09-15 21:41:40,18,0,0.4700103412616339,6.25,108.85,317.05,3962,4050,1,正常,正常
2025-09-15 21:41:41,22,0,0.4560496380558428,13.25,180.84,345.04,4638,5506,1,正常,正常
2025-09-15 21:41:43,5,0,0.4560496380558428,6.25,108.84,317.01,4542,4796,1,正常,正常
2025-09-15 21:41:44,12,0,0.4563081695966908,6.24,108.83,317.0,4914,5700,1,正常,正常
2025-09-15 21:41:48,13,0,0.4565667011375388,6.25,108.81,316.95,5624,6042,1,正常,正常
2025-09-15 21:41:49,3,0,0.4563081695966908,6.25,108.81,316.93,7298,7164,1,正常,正常
2025-09-15 21:41:51,13,0,0.4563081695966908,8.25,108.8,332.9,7636,8174,1,正常,正常
2025-09-15 21:41:52,5,0,0.4560496380558428,6.24,108.79,316.89,6800,7012,1,正常,正常
2025-09-15 21:41:54,11,0,0.4568252326783867,6.24,108.78,316.86,5104,5454,1,正常,正常
2025-09-15 21:41:55,8,0,0.4563081695966908,6.24,108.78,316.84,6758,7290,1,正常,正常
2025-09-15 21:41:57,17,0,0.4563081695966908,6.24,108.77,316.81,8592,9850,1,正常,正常
2025-09-15 21:41:58,4,0,0.4550155118924509,6.24,108.76,316.8,4026,4144,1,正常,正常
2025-09-15 21:42:00,14,0,0.4547569803516029,6.24,108.75,316.77,5284,5782,1,正常,正常
2025-09-15 21:42:02,15,0,0.4550155118924509,6.24,108.74,316.74,8882,9710,1,正常,正常
2025-09-15 21:42:03,12,0,0.4544984488107549,6.24,108.73,316.72,5640,5842,1,正常,正常
2025-09-15 21:42:05,4,0,0.4547569803516029,6.24,108.72,316.69,6972,7030,1,正常,正常
2025-09-15 21:42:06,15,0,0.4544984488107549,8.24,108.72,332.68,8432,8944,1,正常,正常
2025-09-15 21:42:08,7,0,0.4547569803516029,6.24,108.71,316.65,9204,9036,1,正常,正常
2025-09-15 21:42:09,15,0,0.4550155118924509,7.24,124.7,316.64,3812,3932,1,正常,正常
2025-09-15 21:42:14,10,0,0.4534643226473629,12.24,112.68,448.58,4408,4828,1,正常,正常
2025-09-15 21:42:16,6,0,0.4537228541882109,8.24,108.67,360.55,4180,4484,1,正常,正常
2025-09-15 21:42:17,8,0,0.4539813857290589,6.24,108.67,316.54,3622,4298,1,正常,正常
2025-09-15 21:42:19,6,0,0.4537228541882109,17.240000000000002,136.66,348.51,3770,4112,1,正常,正常
2025-09-15 21:42:20,8,0,0.4534643226473629,6.24,108.66,316.5,7396,8672,1,正常,正常
2025-09-15 21:42:22,8,0,0.4534643226473629,6.24,108.64,316.47,3914,4456,1,正常,正常
2025-09-15 21:42:23,7,0,0.4534643226473629,6.24,108.64,316.45,25086,34960,1,正常,正常
2025-09-15 21:42:25,10,1,0.4537228541882109,63.24,1368.66,316.42,7230,32216,-1,异常,"CPU,MEM,IO,NET"
2025-09-15 21:42:26,11,0,0.4544984488107549,68.24,1344.71,336.41,14854,40081,-1,异常,"CPU,MEM,IO,NET"
2025-09-15 21:42:28,9,0,0.4565667011375388,6.24,108.76,316.38,8707,8312,1,正常,正常
2025-09-15 21:42:29,8,0,0.4565667011375388,20.24,412.76,316.36,28796,67056,-1,异常,"CPU,MEM,IO,NET"
2025-09-15 21:42:31,9,0,0.4583764219234746,8.24,108.76,336.33,8376,8294,1,正常,正常
2025-09-15 22:59:10,21.0,0.0,0.4950879007238883,5.52,93.56,269.77,1790.0,2374.0,1,正常,"CPU,MEM,IO,NET"
2025-09-15 22:59:30,17.0,0.0,0.5018097207859359,8.52,101.5,341.89,0.0,0.0,1,正常,"CPU,MEM,IO"
2025-09-15 22:59:39,21.0,0.0,0.5080144777662875,53.040000000000006,93.46,6020.38,0.0,0.0,-1,异常,"CPU,MEM,IO"
2025-09-15 22:59:59,20.0,0.0,0.4937952430196484,6.53,93.39,783.13,0.0,0.0,-1,异常,"CPU,MEM,IO"
2025-09-15 23:00:05,18.0,0.0,0.4935367114788004,9.530000000000001,93.37,947.25,0.0,0.0,-1,异常,"CPU,MEM,IO"
2025-09-15 23:01:16,6.0,0.0,0.4875904860392968,5.52,93.14,270.94,0.0,0.0,1,正常,"CPU,MEM,IO"
2025-09-15 23:01:22,12.0,0.0,0.483712512926577,17.52,93.12,334.89,2074.0,2914.0,1,正常,"CPU,MEM,IO,NET"
2025-09-15 23:01:29,10.0,0.0,0.4852637021716649,27.53,333.32,310.82,36735.0,17405.0,-1,异常,"CPU,MEM,IO,NET"
2025-09-15 23:08:22,23.0,0.0,0.48836608066184073,6.47,91.95,747.52,1576.0,2242.0,-1,异常,"CPU,MEM,IO,NET"
2025-09-15 23:08:51,26.0,0.0,0.5010341261633919,27.46,91.87,464.01,2160.0,2804.0,-1,异常,"CPU,MEM,IO,NET"
2025-09-15 23:19:53,9.0,0.0,0.48965873836608065,11.370000000000001,89.83,303.0,0.0,0.0,1,正常,"CPU,MEM,IO"
2025-09-15 23:21:39,7.0,0.0,0.47983453981385726,5.36,89.68,262.06,0.0,0.0,1,正常,"CPU,MEM,IO"
2025-09-15 23:21:44,15.0,0.0,0.4795760082730093,5.36,89.66,262.01,2306.0,2828.0,1,正常,"CPU,MEM,IO,NET"
2025-09-15 23:22:42,7.0,0.0,0.47905894519131337,5.35,89.47,261.5,0.0,0.0,1,正常,"CPU,MEM,IO"
2025-09-15 23:23:10,8.0,0.0,0.48009307135470525,5.35,89.38,261.24,5582.0,16336.0,1,正常,"CPU,MEM,IO,NET"
2025-09-15 23:23:35,15.0,0.0,0.48035160289555323,7.35,89.3,289.02,0.0,0.0,1,正常,"CPU,MEM,IO"
2025-09-15 23:25:19,8.0,0.0,0.4806101344364012,7.34,88.98,304.13,2076.0,2276.0,1,正常,"CPU,MEM,IO,NET"
2025-09-15 23:27:32,13.0,0.0,0.4824198552223371,5.32,88.56,258.97,1816.0,2560.0,1,正常,"CPU,MEM,IO,NET"
2025-09-15 23:30:06,10.0,0.0,0.49120992761116855,9.26,88.08,324.99,0.0,0.0,1,正常,"CPU,MEM,IO"
2025-09-15 23:30:09,11.0,0.0,0.4917269906928645,11.3,88.07,301.63,0.0,0.0,1,正常,"CPU,MEM,IO"
2025-09-15 23:30:12,9.0,0.0,0.4919855222337125,5.3,88.06,257.61,1516.0,2128.0,1,正常,"CPU,MEM,IO,NET"
2025-09-15 23:31:37,13.0,0.0,0.49146845915201653,5.3,87.84,257.09,3906.0,4264.0,1,正常,
2025-09-15 23:32:27,8.0,0.0,0.4922440537745605,11.29,87.68,280.67,0.0,0.0,1,正常,
2025-09-15 23:35:29,7.0,0.0,0.4937952430196484,5.27,87.13,255.21,0.0,0.0,1,正常,正常
2025-09-15 23:35:57,8.0,0.0,0.4953464322647363,11.27,87.04,322.98,1508.0,2074.0,1,正常,正常
2025-09-15 23:37:21,7.0,0.0,0.4966390899689762,9.26,86.79,290.27,0.0,0.0,1,正常,正常
2025-09-15 23:39:48,5.0,0.0,0.4966390899689762,5.24,86.34,253.05,0.0,0.0,1,正常,正常
2025-09-15 23:40:44,8.0,0.0,0.4919855222337125,5.23,86.19,252.6,2062.0,2498.0,1,正常,正常
2025-09-15 23:41:36,17.0,0.0,0.4870734229576008,5.23,86.04,252.27,6438.0,8462.0,1,正常,正常
2025-09-15 23:42:03,9.0,0.0,0.48836608066184073,13.23,85.96,312.05,0.0,0.0,1,正常,正常
2025-09-15 23:42:30,11.0,0.0,0.48810754912099275,5.23,85.88,251.84,0.0,0.0,1,正常,正常
2025-09-15 23:45:56,6.0,0.0,0.4953464322647363,9.2,85.44,366.15,0.0,0.0,1,正常,正常
2025-09-15 23:46:45,11.0,0.0,0.4956049638055843,5.2,85.3,249.75,1816.0,2544.0,1,正常,正常
2025-09-15 23:47:09,12.0,0.0,0.4971561530506722,5.19,85.23,249.55,0.0,0.0,1,正常,正常
2025-09-15 23:49:11,9.0,0.0,0.4971561530506722,5.18,84.87,248.56,1860.0,2574.0,1,正常,正常
2025-09-15 23:49:14,10.0,0.0,0.4971561530506722,6.18,84.87,252.53,0.0,0.0,1,正常,正常
2025-09-15 23:49:17,10.0,0.0,0.49741468459152016,5.18,84.86,248.51,0.0,0.0,1,正常,正常
2025-09-15 23:49:41,12.0,0.0,0.49793174767321613,5.17,84.79,248.31,1876.0,2636.0,1,正常,正常
2025-09-15 23:50:22,6.0,0.0,0.4971561530506722,8.17,84.67,259.99,0.0,0.0,1,正常,正常
2025-09-15 23:50:57,9.0,0.0,0.5018097207859359,5.18,85.02,247.81,6090.0,27776.0,1,正常,正常
2025-09-15 23:51:00,8.0,0.0,0.5038779731127198,5.18,85.01,247.79,8136.0,7834.0,1,正常,正常
2025-09-15 23:51:47,16.0,0.0,0.5054291623578077,5.17,84.88,247.47,6796.0,7359.0,1,正常,正常
2025-09-15 23:52:35,6.0,0.0,0.5067218200620476,5.17,84.74,247.1,1516.0,2136.0,1,正常,正常
2025-09-15 23:53:29,17.0,0.0,0.5036194415718718,5.16,84.59,247.01,0.0,0.0,1,正常,正常
2025-09-15 23:53:31,4.0,0.0,0.5038779731127198,7.16,84.58,279.0,4688.0,7533.0,1,正常,正常
2025-09-15 23:54:40,6.0,0.0,0.5043950361944157,5.15,84.39,246.44,1516.0,2128.0,1,正常,正常
2025-09-15 23:55:02,11.0,0.0,0.5031023784901758,5.15,84.32,246.28,0.0,0.0,1,正常,正常
2025-09-15 23:55:38,22.0,0.0,0.5051706308169597,5.14,84.22,246.0,0.0,0.0,1,正常,正常
2025-09-15 23:55:40,13.0,0.0,0.5054291623578077,7.14,84.22,277.99,4540.0,7780.0,1,正常,正常
2025-09-15 23:56:51,6.0,0.0,0.5020682523267839,5.13,84.02,245.46,1576.0,2282.0,1,正常,正常
2025-09-15 23:57:00,4.0,0.0,0.5015511892450879,5.13,83.99,245.38,0.0,0.0,1,正常,正常
2025-09-15 23:57:10,8.0,0.0,0.5023267838676319,5.13,83.97,245.31,0.0,0.0,1,正常,正常
2025-09-15 23:57:45,16.0,0.0,0.5023267838676319,5.12,83.87,245.04,0.0,0.0,1,正常,正常
2025-09-15 23:57:47,6.0,0.0,0.5015511892450879,5.12,83.86,245.02,4156.0,7862.0,1,正常,正常
2025-09-15 23:59:02,5.0,0.0,0.5041365046535677,5.11,83.65,244.43,1516.0,2128.0,1,正常,正常
2025-09-15 23:59:29,5.0,0.0,0.5046535677352637,5.11,83.58,244.22,0.0,0.0,1,正常,正常
2025-09-15 23:59:54,18.0,0.0,0.5046535677352637,5.11,83.51,244.03,0.0,0.0,1,正常,正常
2025-09-15 23:59:56,15.0,0.0,0.5033609100310238,7.09,83.5,263.81,3916.0,5186.0,1,正常,正常
2025-09-16 23:59:59,21.0,0.0,0.5062047569803516,10.11,187.49,271.99,2166.0,2684.0,-1,异常,"CPU,MEM,IO,NET"
2025-09-16 23:59:59,21.0,0.0,0.5062047569803516,10.11,187.49,271.99,2166.0,2684.0,-1,异常,"CPU,MEM,IO,NET"
2025-09-16 23:59:59,21.0,0.0,0.5062047569803516,10.11,187.49,271.99,2166.0,2684.0,-1,异常,"CPU,MEM,IO,NET"
2025-09-16 23:59:59,21.0,0.0,0.5062047569803516,10.11,187.49,271.99,2166.0,2684.0,-1,异常,"CPU,MEM,IO,NET"
2025-09-16 23:59:59,21.0,0.0,0.5062047569803516,10.11,187.49,271.99,2166.0,2684.0,-1,异常,"CPU,MEM,IO,NET"
2025-09-16 23:59:59,21.0,0.0,0.5062047569803516,10.11,187.49,271.99,2166.0,2684.0,-1,异常,"CPU,MEM,IO,NET"
2025-09-16 23:59:59,21.0,0.0,0.5062047569803516,10.11,187.49,271.99,2166.0,2684.0,-1,异常,"CPU,MEM,IO,NET"
2025-09-16 23:59:59,21.0,0.0,0.5062047569803516,10.11,187.49,271.99,2166.0,2684.0,-1,异常,"CPU,MEM,IO,NET"
2025-09-16 23:59:59,21.0,0.0,0.5062047569803516,10.11,187.49,271.99,2166.0,2684.0,-1,异常,"CPU,MEM,IO,NET"
2025-09-16 23:59:59,21.0,0.0,0.5062047569803516,10.11,187.49,271.99,2166.0,2684.0,-1,异常,"CPU,MEM,IO,NET"
2025-09-16 23:59:59,21.0,0.0,0.5062047569803516,10.11,187.49,271.99,2166.0,2684.0,-1,异常,"CPU,MEM,IO,NET"
2025-09-16 23:59:59,21.0,0.0,0.5062047569803516,10.11,187.49,271.99,2166.0,2684.0,-1,异常,"CPU,MEM,IO,NET"
2025-09-16 23:59:59,21.0,0.0,0.5062047569803516,10.11,187.49,271.99,2166.0,2684.0,-1,异常,"CPU,MEM,IO,NET"
2025-09-16 23:59:59,21.0,0.0,0.5062047569803516,10.11,187.49,271.99,2166.0,2684.0,-1,异常,"CPU,MEM,IO,NET"
2025-09-16 23:59:59,21.0,0.0,0.5062047569803516,10.11,187.49,271.99,2166.0,2684.0,-1,异常,"CPU,MEM,IO,NET"
2025-09-16 23:59:59,21.0,0.0,0.5062047569803516,10.11,187.49,271.99,2166.0,2684.0,-1,异常,"CPU,MEM,IO,NET"
2025-09-16 23:59:59,21.0,0.0,0.5062047569803516,10.11,187.49,271.99,2166.0,2684.0,-1,异常,"CPU,MEM,IO,NET"
2025-09-16 23:59:59,21.0,0.0,0.5062047569803516,10.11,187.49,271.99,2166.0,2684.0,-1,异常,"CPU,MEM,IO,NET"
2025-09-16 23:59:59,21.0,0.0,0.5062047569803516,10.11,187.49,271.99,2166.0,2684.0,-1,异常,"CPU,MEM,IO,NET"
2025-09-16 23:59:59,21.0,0.0,0.5062047569803516,10.11,187.49,271.99,2166.0,2684.0,-1,异常,"CPU,MEM,IO,NET"
2025-09-16 23:59:59,21.0,0.0,0.5062047569803516,10.11,187.49,271.99,2166.0,2684.0,-1,异常,"CPU,MEM,IO,NET"
2025-09-16 23:59:59,21.0,0.0,0.5062047569803516,10.11,187.49,271.99,2166.0,2684.0,-1,异常,"CPU,MEM,IO,NET"
2025-09-16 23:59:59,21.0,0.0,0.5062047569803516,10.11,187.49,271.99,2166.0,2684.0,-1,异常,"CPU,MEM,IO,NET"
2025-09-16 23:59:59,21.0,0.0,0.5062047569803516,10.11,187.49,271.99,2166.0,2684.0,-1,异常,"CPU,MEM,IO,NET"
2025-09-16 23:59:59,21.0,0.0,0.5062047569803516,10.11,187.49,271.99,2166.0,2684.0,-1,异常,"CPU,MEM,IO,NET"
2025-09-16 23:59:59,21.0,0.0,0.5062047569803516,10.11,187.49,271.99,2166.0,2684.0,-1,异常,"CPU,MEM,IO,NET"
2025-09-16 23:59:59,21.0,0.0,0.5062047569803516,10.11,187.49,271.99,2166.0,2684.0,-1,异常,"CPU,MEM,IO,NET"
2025-09-16 23:59:59,21.0,0.0,0.5062047569803516,10.11,187.49,271.99,2166.0,2684.0,-1,异常,"CPU,MEM,IO,NET"
2025-09-16 23:59:59,21.0,0.0,0.5062047569803516,10.11,187.49,271.99,2166.0,2684.0,-1,异常,"CPU,MEM,IO,NET"
2025-09-16 23:59:59,21.0,0.0,0.5062047569803516,10.11,187.49,271.99,2166.0,2684.0,-1,异常,"CPU,MEM,IO,NET"
2025-09-16 23:59:59,21.0,0.0,0.5062047569803516,10.11,187.49,271.99,2166.0,2684.0,-1,异常,"CPU,MEM,IO,NET"
2025-09-16 23:59:59,21.0,0.0,0.5062047569803516,10.11,187.49,271.99,2166.0,2684.0,-1,异常,"CPU,MEM,IO,NET"
2025-09-16 23:59:59,21.0,0.0,0.5062047569803516,10.11,187.49,271.99,2166.0,2684.0,-1,异常,"CPU,MEM,IO,NET"
2025-09-16 23:59:59,21.0,0.0,0.5062047569803516,10.11,187.49,271.99,2166.0,2684.0,-1,异常,"CPU,MEM,IO,NET"
2025-09-16 23:59:59,21.0,0.0,0.5062047569803516,10.11,187.49,271.99,2166.0,2684.0,-1,异常,"CPU,MEM,IO,NET"
2025-09-16 23:59:59,21.0,0.0,0.5062047569803516,10.11,187.49,271.99,2166.0,2684.0,-1,异常,"CPU,MEM,IO,NET"
2025-09-16 23:59:59,21.0,0.0,0.5062047569803516,10.11,187.49,271.99,2166.0,2684.0,-1,异常,"CPU,MEM,IO,NET"
2025-09-16 23:59:59,21.0,0.0,0.5062047569803516,10.11,187.49,271.99,2166.0,2684.0,-1,异常,"CPU,MEM,IO,NET"
2025-09-16 23:59:59,21.0,0.0,0.5062047569803516,10.11,187.49,271.99,2166.0,2684.0,-1,异常,"CPU,MEM,IO,NET"
2025-09-16 23:59:59,21.0,0.0,0.5062047569803516,10.11,187.49,271.99,2166.0,2684.0,-1,异常,"CPU,MEM,IO,NET"
2025-09-16 23:59:59,21.0,0.0,0.5062047569803516,10.11,187.49,271.99,2166.0,2684.0,-1,异常,"CPU,MEM,IO,NET"
2025-09-16 23:59:59,21.0,0.0,0.5062047569803516,10.11,187.49,271.99,2166.0,2684.0,-1,异常,"CPU,MEM,IO,NET"
2025-09-16 23:59:59,21.0,0.0,0.5062047569803516,10.11,187.49,271.99,2166.0,2684.0,-1,异常,"CPU,MEM,IO,NET"
2025-09-16 23:59:59,21.0,0.0,0.5062047569803516,10.11,187.49,271.99,2166.0,2684.0,-1,异常,"CPU,MEM,IO,NET"
2025-09-16 23:59:59,21.0,0.0,0.5062047569803516,10.11,187.49,271.99,2166.0,2684.0,-1,异常,"CPU,MEM,IO,NET"
2025-09-16 23:59:59,21.0,0.0,0.5062047569803516,10.11,187.49,271.99,2166.0,2684.0,-1,异常,"CPU,MEM,IO,NET"
2025-09-16 23:59:59,21.0,0.0,0.5062047569803516,10.11,187.49,271.99,2166.0,2684.0,-1,异常,"CPU,MEM,IO,NET"
2025-09-16 23:59:59,21.0,0.0,0.5062047569803516,10.11,187.49,271.99,2166.0,2684.0,-1,异常,"CPU,MEM,IO,NET"
2025-09-16 23:59:59,21.0,0.0,0.5062047569803516,10.11,187.49,271.99,2166.0,2684.0,-1,异常,"CPU,MEM,IO,NET"
2025-09-16 23:59:59,21.0,0.0,0.5062047569803516,10.11,187.49,271.99,2166.0,2684.0,-1,异常,"CPU,MEM,IO,NET"
2025-09-16 23:59:59,21.0,0.0,0.5062047569803516,10.11,187.49,271.99,2166.0,2684.0,-1,异常,"CPU,MEM,IO,NET"
2025-09-16 23:59:59,21.0,0.0,0.5062047569803516,10.11,187.49,271.99,2166.0,2684.0,-1,异常,"CPU,MEM,IO,NET"
2025-09-16 23:59:59,21.0,0.0,0.5062047569803516,10.11,187.49,271.99,2166.0,2684.0,-1,异常,"CPU,MEM,IO,NET"
2025-09-16 23:59:59,21.0,0.0,0.5062047569803516,10.11,187.49,271.99,2166.0,2684.0,-1,异常,"CPU,MEM,IO,NET"
2025-09-16 23:59:59,21.0,0.0,0.5062047569803516,10.11,187.49,271.99,2166.0,2684.0,-1,异常,"CPU,MEM,IO,NET"
2025-09-16 23:59:59,21.0,0.0,0.5062047569803516,10.11,187.49,271.99,2166.0,2684.0,-1,异常,"CPU,MEM,IO,NET"
2025-09-16 23:59:59,21.0,0.0,0.5062047569803516,10.11,187.49,271.99,2166.0,2684.0,-1,异常,"CPU,MEM,IO,NET"
2025-09-16 23:59:59,21.0,0.0,0.5062047569803516,10.11,187.49,271.99,2166.0,2684.0,-1,异常,"CPU,MEM,IO,NET"
2025-09-16 23:59:59,21.0,0.0,0.5062047569803516,10.11,187.49,271.99,2166.0,2684.0,-1,异常,"CPU,MEM,IO,NET"
2025-09-16 23:59:59,21.0,0.0,0.5062047569803516,10.11,187.49,271.99,2166.0,2684.0,-1,异常,"CPU,MEM,IO,NET"
2025-09-16 23:59:59,21.0,0.0,0.5062047569803516,10.11,187.49,271.99,2166.0,2684.0,-1,异常,"CPU,MEM,IO,NET"
2025-09-16 23:59:59,21.0,0.0,0.5062047569803516,10.11,187.49,271.99,2166.0,2684.0,-1,异常,"CPU,MEM,IO,NET"
2025-09-16 23:59:59,21.0,0.0,0.5062047569803516,10.11,187.49,271.99,2166.0,2684.0,-1,异常,"CPU,MEM,IO,NET"
2025-09-16 23:59:59,21.0,0.0,0.5062047569803516,10.11,187.49,271.99,2166.0,2684.0,-1,异常,"CPU,MEM,IO,NET"
2025-09-16 23:59:59,21.0,0.0,0.5062047569803516,10.11,187.49,271.99,2166.0,2684.0,-1,异常,"CPU,MEM,IO,NET"
2025-09-16 23:59:59,21.0,0.0,0.5062047569803516,10.11,187.49,271.99,2166.0,2684.0,-1,异常,"CPU,MEM,IO,NET"
2025-09-16 23:59:59,21.0,0.0,0.5062047569803516,10.11,187.49,271.99,2166.0,2684.0,-1,异常,"CPU,MEM,IO,NET"
2025-09-16 00:11:42,20.0,0.0,0.5018097207859359,1321.89,82.0,674537.8,0.0,0.0,-1,异常,IO
2025-09-16 00:11:47,22.0,1.0,0.500517063081696,1677.14,81.98,856426.42,0.0,0.0,-1,异常,"CPU,IO"
2025-09-16 00:52:40,29.0,1.0,0.49896587383660806,1738.17,76.02,874644.0,10862.0,11286.0,-1,异常,"CPU,IO"
2025-09-16 00:56:51,26.0,1.0,0.5038779731127198,1522.28,75.45,887427.37,0.0,0.0,-1,异常,"CPU,IO"
2025-09-16 00:58:32,20.0,0.0,0.500258531540848,14.12,75.23,5236.52,8130.0,215918.0,-1,异常,NET
2025-09-16 00:58:35,22.0,0.0,0.5072388831437435,14.12,75.22,5236.04,9746.0,218268.0,-1,异常,NET
2025-09-16 00:58:56,11.0,0.0,0.5180972078593589,20.11,75.18,5276.85,4634.0,6934.0,-1,异常,正常
2025-09-16 00:58:59,8.0,0.0,0.5186142709410548,16.11,75.17,5268.37,0.0,0.0,-1,异常,正常
2025-09-16 01:00:39,5.0,0.0,0.516546018614271,14.08,75.05,5216.95,0.0,0.0,-1,异常,正常
2025-09-16 01:00:42,5.0,0.0,0.516287487073423,14.07,75.04,5216.47,0.0,0.0,-1,异常,正常
2025-09-16 01:01:12,26.0,0.0,0.5227507755946226,18.060000000000002,198.98000000000002,5211.86,3304.0,4366.0,-1,异常,正常
2025-09-16 01:01:37,17.0,0.0,0.5398138572905895,14.07,75.1,5209.29,1224.0,1720.0,-1,异常,正常
2025-09-16 01:01:40,21.0,0.0,0.5411065149948294,14.07,75.09,5208.81,2948.0,3558.0,-1,异常,正常
2025-09-16 01:01:43,22.0,0.0,0.5411065149948294,14.07,75.08,5208.33,2182.0,2552.0,-1,异常,正常
2025-09-16 01:10:03,6.0,0.0,0.5170630816959669,13.89,73.99,5134.36,0.0,0.0,-1,异常,未定位
2025-09-16 01:10:12,6.0,0.0,0.5178386763185109,23.880000000000003,73.97,6792.98,0.0,0.0,-1,异常,未定位
2025-09-16 01:10:36,7.0,0.0,0.5186142709410548,13.88,73.92,5129.49,0.0,0.0,-1,异常,未定位
2025-09-16 01:12:14,10.0,0.0,0.5199069286452948,13.84,73.71,5114.91,0.0,0.0,-1,异常,未定位
2025-09-16 01:12:26,7.0,0.0,0.5199069286452948,13.83,73.68,5113.08,0.0,0.0,-1,异常,未定位
2025-09-16 01:12:50,9.0,0.0,0.5183557394002068,13.83,73.63,5109.56,0.0,0.0,-1,异常,未定位
2025-09-16 01:14:11,13.0,0.0,0.5199069286452948,13.79,73.46,5097.51,0.0,0.0,-1,异常,未定位
2025-09-16 01:15:30,6.0,0.0,0.5214581178903827,13.77,73.32,5086.07,0.0,0.0,1,正常,
2025-09-16 01:17:03,12.0,0.0,0.5227507755946226,15.78,73.13,6114.37,11042.0,11258.0,-1,异常,
2025-09-16 01:20:06,10.0,0.0,0.5271458117890383,24.72,72.76,7315.42,2306.0,3306.0,-1,异常,
2025-09-16 01:23:17,9.0,0.0,0.5289555325749742,17.63,72.36,7227.89,0.0,0.0,-1,异常,"CPU,MEM,IO"
2025-09-16 01:23:44,8.0,0.0,0.5294725956566702,17.62,72.31,7222.44,1692.0,2130.0,-1,异常,"CPU,MEM,IO,NET"
2025-09-16 01:24:48,11.0,0.0,0.5281799379524302,17.59,72.17,7209.32,1592.0,2282.0,-1,异常,"CPU,MEM,IO,NET"
2025-09-16 01:26:17,12.0,0.0,0.5023267838676319,27.55,71.99,7231.01,0.0,0.0,-1,异常,"CPU,MEM,IO"
2025-09-16 01:26:44,13.0,0.0,0.500775594622544,19.54,71.94,7213.55,0.0,0.0,-1,异常,"CPU,MEM,IO"
2025-09-16 01:28:29,3.0,0.0,0.500517063081696,17.49,71.72,7164.23,0.0,0.0,-1,异常,"CPU,MEM,IO"
2025-09-16 01:28:51,6.0,0.0,0.500775594622544,19.48,71.68,7167.86,1284.0,1858.0,-1,异常,"CPU,MEM,IO,NET"
2025-09-16 01:30:14,4.0,0.0,0.499741468459152,17.46,71.68,7143.07,0.0,0.0,-1,异常,"CPU,MEM,IO"
2025-09-16 01:30:33,6.0,0.0,0.4987073422957601,26.45,71.64,7231.35,3492.0,4416.0,-1,异常,"CPU,MEM,IO,NET"
2025-09-16 01:30:36,9.0,0.0,0.5010341261633919,17.45,71.63,7138.73,5026.0,6086.0,-1,异常,"CPU,MEM,IO,NET"
2025-09-16 01:30:40,12.0,0.0,0.5018097207859359,17.44,71.62,7137.9,0.0,0.0,-1,异常,"CPU,MEM,IO"
2025-09-16 01:37:21,12.0,0.0,0.42786970010341263,84.49,3389.19,169.84,5918.0,5280.0,-1,异常,"CPU,MEM,IO,NET"
2025-09-16 01:37:52,9.0,0.0,0.4314891416752844,76.34,3057.7,154.25,1860.0,2674.0,-1,异常,"CPU,MEM,IO,NET"
2025-09-16 01:38:17,7.0,0.0,0.43097207859358844,70.87,2835.61,143.96,0.0,0.0,-1,异常,"CPU,MEM,IO"
2025-09-16 01:39:24,4.0,0.0,0.4314891416752844,60.86,2400.64,124.99,0.0,0.0,-1,异常,"CPU,MEM,IO"
2025-09-16 01:39:36,9.0,0.0,0.4327817993795243,59.1,2330.02,121.58,0.0,0.0,-1,异常,"CPU,MEM,IO"
2025-09-16 01:39:42,12.0,0.0,0.43252326783867634,58.29,2296.24,120.32,1892.0,2628.0,-1,异常,"CPU,MEM,IO,NET"
2025-09-16 01:40:05,8.0,0.0,0.4327817993795243,58.39,2180.36,134.56,3844.0,4646.0,-1,异常,"CPU,MEM,IO,NET"
2025-09-16 01:46:23,9.0,0.0,0.4327817993795243,30.48,1183.45,68.17,0.0,0.0,1,正常,正常
2025-09-16 01:46:51,9.0,0.0,0.43226473629782836,29.53,1144.94,66.4,1754.0,2312.0,1,正常,正常
2025-09-16 01:46:52,12.0,0.0,0.43226473629782836,29.5,1143.56,66.32,0.0,0.0,1,正常,正常
2025-09-16 01:48:12,6.0,0.0,0.4330403309203723,31.22,1045.99,98.00999999999999,0.0,0.0,1,正常,正常
2025-09-16 01:49:04,6.0,0.0,0.4366597724922441,25.93,991.38,59.91,0.0,0.0,1,正常,正常
2025-09-16 01:50:54,11.0,0.0,0.43769389865563596,23.47,891.85,55.34,1508.0,2182.0,1,正常,正常
2025-09-16 01:51:43,5.0,0.0,0.4389865563598759,22.54,853.47,53.62,1284.0,1758.0,1,正常,正常
2025-09-16 01:52:17,7.0,0.0,0.4384694932781799,21.94,828.91,52.53,1430.0,1812.0,1,正常,正常
2025-09-16 01:54:49,20.0,10.0,0.49146845915201653,126.43,734.59,66619.86,4298.0,132310.0,1,正常,正常
2025-09-16 01:55:18,14.0,4.0,0.5359358841778697,56.83,718.99,21884.510000000002,5542.0,139808.0,1,正常,正常
2025-09-16 01:56:25,8.0,11.0,0.4557911065149948,96.74000000000001,685.21,74663.35,1778.0,2266.0,1,正常,正常
2025-09-16 01:56:28,11.0,11.0,0.4563081695966908,100.8,683.73,79889.43,2596.0,3368.0,1,正常,正常
2025-09-16 01:56:31,13.0,11.0,0.45682523267838676,70.85,682.25,42276.1,3808.0,4260.0,1,正常,正常
2025-09-16 01:56:53,14.0,10.0,0.4560496380558428,153.3,672.02,72647.48,0.0,0.0,1,正常,正常
2025-09-16 01:56:56,20.0,9.0,0.45734229576008273,203.46,670.6,98328.15,2742.0,3022.0,1,正常,正常
2025-09-16 01:57:26,16.0,10.0,0.4738883143743537,151.1,657.0,71735.25,8328.0,334186.0,1,正常,正常
2025-09-16 02:00:34,12.0,11.0,0.5421406411582212,77.69,583.61,56319.82,0.0,0.0,1,正常,正常
2025-09-16 02:00:42,11.0,10.0,0.5439503619441571,92.74000000000001,580.75,76781.62,2234.0,2906.0,1,正常,正常
2025-09-16 02:13:26,4.0,0.0,0.46820062047569805,33.27,400.17,16717.16,0.0,0.0,1,正常,正常
2025-09-16 02:13:35,7.0,0.0,0.46845915201654603,33.16,398.66,16654.3,10848.0,11110.0,-1,异常,"CPU,MEM,IO,NET"
2025-09-16 02:14:31,6.0,0.0,0.4676835573940021,39.39,389.85,16357.54,3526.0,3878.0,-1,异常,IO
2025-09-16 02:15:20,21.0,0.0,0.4751809720785936,265.1,29835.16,15979.65,5228.0,6476.0,-1,异常,IO
2025-09-16 02:16:19,21.0,0.0,0.4754395036194416,35.85,485.37,15782.73,0.0,0.0,-1,异常,IO
2025-09-16 02:16:20,30.0,0.0,0.47621509824198555,33.83,485.18,15724.63,0.0,0.0,-1,异常,"CPU,IO"
2025-09-16 02:16:48,30.0,13.0,0.45346432264736297,1580.23,479.99,114360.17,0.0,0.0,-1,异常,"CPU,IO"
2025-09-16 02:17:47,25.0,3.0,0.49612202688728024,65.03999999999999,471.22,16879.74,0.0,0.0,-1,异常,"CPU,MEM,IO"
2025-09-16 02:18:20,34.0,0.0,0.48940020682523266,59.489999999999995,465.61,16740.06,3620.0,4586.0,-1,异常,"CPU,MEM,IO"
2025-09-16 02:19:29,12.0,0.0,0.4560496380558428,56.16,454.34,16301.98,1816.0,2552.0,-1,异常,IO
2025-09-16 02:19:32,11.0,0.0,0.4565667011375388,58.1,453.85,16336.11,3092.0,3656.0,-1,异常,IO
2025-09-16 02:19:52,10.0,0.0,0.4550155118924509,59.73,450.72,16208.06,0.0,0.0,-1,异常,IO
2025-09-16 02:19:55,11.0,0.0,0.4550155118924509,55.67,450.23,16154.54,0.0,0.0,-1,异常,IO
2025-09-16 02:20:24,61.0,0.0,0.4609617373319545,73.13,1513.71,16080.37,4122.0,4732.0,-1,异常,"CPU,IO"
2025-09-16 02:20:27,69.0,0.0,0.4594105480868666,55.07,445.6,15975.24,4044.0,4826.0,-1,异常,"CPU,IO"
2025-09-16 02:21:41,3.0,0.0,0.4557911065149948,53.74,434.37,15572.97,0.0,0.0,-1,异常,IO
2025-09-16 02:21:44,5.0,0.0,0.45553257497414684,55.69,433.91,15596.72,0.0,0.0,-1,异常,IO
2025-09-16 02:21:47,4.0,0.0,0.4550155118924509,53.63,433.46,15540.44,0.0,0.0,-1,异常,IO
2025-09-16 02:22:15,15.0,0.0,0.4544984488107549,55.15,429.42,15423.89,1516.0,2074.0,-1,异常,IO
2025-09-16 02:26:37,13.0,0.0,0.46173733195449845,49.17,394.98,14175.19,0.0,0.0,-1,异常,IO
2025-09-16 02:27:10,8.0,0.0,0.46147880041365047,48.71,391.01,14033.01,0.0,0.0,-1,异常,IO
2025-09-16 02:27:38,8.0,0.0,0.46173733195449845,48.3,387.72,13914.96,2912.0,3516.0,-1,异常,IO
2025-09-16 02:27:41,17.0,0.0,0.4622543950361944,48.26,387.36,13901.97,3924.0,3942.0,-1,异常,IO
2025-09-16 02:28:29,13.0,0.0,0.46199586349534644,50.58,381.81,13721.73,1608.0,2090.0,-1,异常,IO
2025-09-16 02:28:58,10.0,0.0,0.4612202688728025,47.18,378.56,13585.17,1816.0,2458.0,-1,异常,IO
2025-09-16 02:29:00,11.0,0.0,0.46173733195449845,53.099999999999994,378.33,13620.46,5532.0,15186.0,-1,异常,"IO,NET"
2025-09-16 02:29:18,5.0,0.0,0.4625129265770424,46.93,376.39,13507.37,0.0,0.0,-1,异常,IO
2025-09-16 02:29:52,6.0,0.0,0.46483971044467426,46.48,372.67,13373.96,2794.0,3506.0,-1,异常,IO
2025-09-16 02:30:48,8.0,0.0,0.4622543950361944,45.74,366.64,13157.72,6930.0,8620.0,-1,异常,"IO,NET"
2025-09-16 02:31:14,5.0,0.0,0.4630299896587384,45.42,363.97,13061.77,1816.0,2474.0,-1,异常,IO
2025-09-16 02:31:44,16.0,0.0,0.46199586349534644,47.04,360.91,12991.97,0.0,0.0,-1,异常,IO
2025-09-16 02:32:10,16.0,0.0,0.46483971044467426,44.72,358.21,12855.38,2282.0,2728.0,-1,异常,IO
2025-09-16 02:33:59,10.0,0.0,0.4645811789038263,43.44,347.61,12475.28,5838.0,5294.0,-1,异常,IO
2025-09-16 02:34:28,18.0,0.0,0.4630299896587384,43.11,344.91,12378.61,0.0,0.0,-1,异常,IO
2025-09-16 02:34:30,9.0,0.0,0.4622543950361944,43.09,344.72,12371.74,6442.0,16572.0,-1,异常,"IO,NET"
2025-09-16 02:35:01,48.0,0.0,0.5579110651499483,51.95,401.89,12368.45,10141.0,9464.0,-1,异常,"CPU,MEM,IO,NET"
2025-09-16 02:35:03,37.0,0.0,0.5416235780765254,42.92,341.72,12361.7,5983.0,16644.0,-1,异常,"CPU,MEM,IO,NET"
2025-09-16 02:36:41,4.0,0.0,0.4625129265770424,41.88,333.05,12047.98,1492.0,1860.0,-1,异常,IO
2025-09-16 02:37:18,16.0,0.0,0.4607032057911065,41.5,329.88,11933.34,1778.0,2282.0,-1,异常,IO
2025-09-16 02:38:59,12.0,0.0,0.4658738366080662,40.68,332.38,11663.86,2766.0,3564.0,-1,异常,IO
2025-09-16 02:39:28,14.0,0.0,0.46483971044467426,40.4,329.99,11580.18,1800.0,2496.0,-1,异常,IO
2025-09-16 02:39:37,14.0,0.0,0.4643226473629783,45.31,329.23,11581.61,0.0,0.0,-1,异常,IO
2025-09-16 02:39:39,8.0,0.0,0.46483971044467426,40.29,329.06,11547.7,4740.0,13426.0,-1,异常,"IO,NET"
2025-09-16 02:40:34,16.0,0.0,0.4658738366080662,48.67,324.67,11429.17,0.0,0.0,-1,异常,IO
2025-09-16 02:41:53,10.0,0.0,0.4674250258531541,39.05,318.53,11176.16,1816.0,2598.0,-1,异常,IO
2025-09-16 02:46:00,10.0,0.0,0.4480351602895553,109.0,4603.35,156.87,0.0,0.0,1,正常,正常
2025-09-16 02:46:09,11.0,0.0,0.4501034126163392,113.37,4403.08,315.1,5252.0,5850.0,1,正常,正常
2025-09-16 02:46:34,9.0,0.0,0.4480351602895553,93.56,3939.94,136.88,0.0,0.0,1,正常,正常
2025-09-16 02:47:01,14.0,0.0,0.4348500517063082,83.77,3522.64,123.54,0.0,0.0,1,正常,正常
2025-09-16 02:47:28,11.0,0.0,0.4351085832471562,76.11,3196.47,113.21,0.0,0.0,1,正常,正常
2025-09-16 02:49:14,32.0,0.0,0.5891933815925543,65.11,2350.48,3297.6,1516.0,2182.0,-1,异常,MEM
2025-09-16 02:51:21,61.0,0.0,0.45062047569803515,55.03,1788.6,2545.4,2514.0,3048.0,-1,异常,CPU
2025-09-16 02:51:46,5.0,0.0,0.4501034126163392,47.9,1708.51,2389.33,0.0,0.0,1,正常,正常
2025-09-16 02:53:51,8.0,0.0,0.4501034126163392,39.38,1391.28,1949.74,5526.0,3922.0,1,正常,正常
2025-09-16 02:53:57,10.0,0.0,0.45087900723888313,39.06,1378.58,1932.35,0.0,0.0,1,正常,正常
2025-09-16 02:54:00,16.0,0.0,0.44932781799379523,44.89,1372.31,1971.63,0.0,0.0,1,正常,正常
2025-09-16 02:54:03,12.0,0.0,0.44906928645294725,49.73,1366.09,1967.1,0.0,0.0,1,正常,正常
2025-09-16 02:54:24,8.0,0.0,0.4511375387797311,37.67,1326.21,1859.81,1516.0,2112.0,1,正常,正常
2025-09-16 02:54:27,12.0,0.0,0.452947259565667,37.52,1320.48,1851.83,3298.0,4300.0,1,正常,正常
2025-09-16 02:54:30,11.0,0.0,0.453205791106515,37.36,1314.74,1843.88,5578.0,6868.0,1,正常,正常
2025-09-16 02:55:52,24.0,0.0,0.45682523267838676,33.8,1178.57,1655.7,2468.0,2058.0,1,正常,正常
2025-09-16 02:56:08,6.0,0.0,0.45398138572905894,39.19,1156.06,1664.51,6652.0,6872.0,1,正常,正常
2025-09-16 02:56:16,9.0,0.0,0.45346432264736297,32.89,1144.39,1608.34,2122.0,2468.0,1,正常,正常
2025-09-16 02:56:19,16.0,0.0,0.45346432264736297,32.78,1140.09,1602.44,3656.0,4030.0,1,正常,正常
2025-09-16 02:58:02,3.0,0.0,0.45243019648397104,29.54,1014.45,1426.02,0.0,0.0,1,正常,正常
2025-09-16 03:03:06,10.0,0.0,0.6225439503619442,145.0,1085.86,8674.43,7436.0,51030.0,-1,异常,"MEM,NET"
2025-09-16 03:05:08,28.0,15.0,0.5654084798345398,1762.81,990.16,112242.45,9922.0,631436.0,-1,异常,"CPU,MEM,IO,NET"
2025-09-16 03:06:22,18.0,0.0,0.5837642192347466,221.13,938.51,13688.2,0.0,0.0,-1,异常,MEM
2025-09-16 03:06:48,19.0,0.0,0.5977249224405378,217.23,921.84,13445.38,12032.0,678688.0,-1,异常,"MEM,NET"
2025-09-16 03:06:50,16.0,0.0,0.6072905894519132,216.92,920.53,13426.28,11042.0,357282.0,-1,异常,"MEM,NET"
2025-09-16 03:09:04,7.0,0.0,0.4971561530506722,205.72,842.72,12320.6,4090.0,4408.0,1,正常,正常
2025-09-16 15:58:10,37.0,1.0,0.671664943123061,438.21,7137.87,23206.93,10375.0,6496.0,-1,异常,"MEM,NET"
2025-09-16 15:58:29,29.0,0.0,0.5917786970010341,82.52000000000001,1836.62,3140.19,0.0,0.0,-1,异常,MEM
2025-09-16 15:58:55,38.0,1.0,0.6070320579110652,118.61,7553.0,3129.22,0.0,0.0,-1,异常,MEM
2025-09-16 15:59:00,35.0,2.0,0.6003102378490176,602.72,24216.31,15526.97,2004.0,2682.0,-1,异常,"MEM,IO"
2025-09-16 16:09:32,6.0,0.0,0.452688728024819,68.23,2743.13,99.21,0.0,0.0,1,正常,正常
2025-09-16 16:09:59,10.0,0.0,0.453205791106515,64.21,2576.93,94.26,1762.0,2520.0,1,正常,正常
2025-09-16 16:10:23,5.0,0.0,0.4550155118924509,60.89,2440.18,90.21,1532.0,2144.0,1,正常,正常
2025-09-16 16:13:00,9.0,0.0,0.4544984488107549,51.09,1827.56,163.78,2496.0,3220.0,1,正常,正常
2025-09-16 16:13:03,17.0,0.0,0.4544984488107549,45.89,1818.59,71.65,0.0,0.0,1,正常,正常
2025-09-16 16:14:21,30.0,0.0,0.6145294725956567,46.04,1626.08,508.82,0.0,0.0,-1,异常,MEM
2025-09-16 16:14:29,41.0,0.0,0.6308169596690796,41.59,1607.29,471.56,4136.0,5106.0,-1,异常,MEM
2025-09-16 16:14:57,7.0,0.0,0.4653567735263702,44.1,1547.24,486.48,2878.0,3274.0,1,正常,正常
2025-09-16 16:17:06,7.0,0.0,0.4656153050672182,70.41,1318.1,561.21,1232.0,1712.0,1,正常,正常
2025-09-16 16:17:09,6.0,0.0,0.4661323681489142,34.33,1313.42,388.06,0.0,0.0,1,正常,正常
2025-09-16 16:17:12,5.0,0.0,0.4671664943123061,51.21,1308.76,506.83,1928.0,2428.0,1,正常,正常
2025-09-16 16:17:35,10.0,0.0,0.4661323681489142,33.38,1275.63,377.27,1822.0,2466.0,1,正常,正常
2025-09-19 14:49:34,11.0,0.0,0.5338676318510859,4.45,112.77,158.95,11650.0,10381.0,-1,异常,NET
2025-09-19 14:50:06,9.0,0.0,0.5351602895553258,6.44,112.62,198.74,7672.0,7766.0,1,正常,正常
2025-09-19 14:51:23,17.0,0.0,0.5343846949327818,4.44,112.25,158.25,9248.0,7016.0,1,正常,正常
2025-09-19 14:51:53,36.0,0.0,0.562564632885212,4.45,112.12,164.74,1576.0,2258.0,1,正常,正常
2025-09-19 14:51:54,35.0,0.0,0.562564632885212,4.45,112.11,164.73,0.0,0.0,1,正常,正常
2025-09-19 14:53:36,29.0,11.0,0.5380041365046536,1559.05,112.53,99661.75,2288.0,3022.0,-1,异常,"CPU,IO"
2025-09-19 14:53:51,17.0,13.0,0.5392967942088935,2402.28,112.45,153628.48,2290.0,2688.0,-1,异常,"CPU,IO"
2025-09-19 14:53:59,35.0,12.0,0.5390382626680456,1798.96,112.41,114796.08,2260.0,2768.0,-1,异常,"CPU,IO"
2025-09-19 14:54:22,8.0,0.0,0.5382626680455016,7.74,112.34,377.53,1800.0,2538.0,1,正常,正常
2025-09-19 14:56:11,6.0,0.0,0.5382626680455016,9.71,111.8,403.8,1508.0,2120.0,1,正常,正常
2025-09-19 14:56:32,6.0,0.0,0.5387797311271976,9.71,111.69,403.47,1232.0,1720.0,1,正常,正常
2025-09-19 14:56:35,6.0,0.0,0.5382626680455016,19.59,111.68,462.55,0.0,0.0,1,正常,正常
2025-09-19 14:58:28,11.0,0.0,0.5310237849017581,9.690000000000001,127.2,374.27,0.0,0.0,1,正常,正常
2025-09-19 14:58:57,6.0,0.0,0.5305067218200621,7.68,111.06,373.83,0.0,0.0,1,正常,正常
2025-09-19 14:59:24,8.0,0.0,0.531540847983454,7.68,110.93,373.41,992.0,1442.0,1,正常,正常
2025-09-19 15:00:12,13.0,0.0,0.532316442605998,7.66,110.71,372.65,0.0,0.0,1,正常,正常
2025-09-19 15:00:18,10.0,0.0,0.531799379524302,7.66,110.68,372.55,0.0,0.0,1,正常,正常
2025-09-19 15:00:37,9.0,0.0,0.531799379524302,11.66,110.59,392.26,0.0,0.0,1,正常,正常
2025-09-19 15:00:43,9.0,0.0,0.531282316442606,7.65,110.56,372.16,0.0,0.0,1,正常,正常
2025-09-19 15:01:09,7.0,0.0,0.5310237849017581,7.65,110.44,371.77,6332.0,4568.0,1,正常,正常
2025-09-19 15:03:12,13.0,0.0,0.5305067218200621,11.620000000000001,109.99,477.87,0.0,0.0,1,正常,正常
2025-09-19 15:03:20,17.0,0.0,0.532574974146846,7.62,109.95,369.75,9008.0,6793.0,1,正常,正常
2025-09-19 15:04:10,14.0,0.0,0.5292140641158222,24.62,109.72,473.24,0.0,0.0,1,正常,正常
2025-09-19 15:04:42,21.0,0.0,0.5349017580144778,7.61,109.6,368.76,0.0,0.0,1,正常,正常
2025-09-19 15:05:07,9.0,0.0,0.5328335056876939,7.61,109.48,368.39,0.0,0.0,1,正常,正常
2025-09-19 15:06:46,22.0,14.0,0.5380041365046536,1848.15,117.53,118152.33,0.0,0.0,-1,异常,"CPU,IO"
2025-09-19 15:06:51,30.0,12.0,0.5367114788004137,2259.59,117.5,144484.25,2646.0,3476.0,-1,异常,"CPU,IO"
2025-09-19 15:10:18,6.0,0.0,0.5351602895553258,11.35,116.47,597.13,0.0,0.0,1,正常,正常
2025-09-19 15:10:52,10.0,0.0,0.5374870734229577,11.33,116.3,596.28,1532.0,2106.0,1,正常,正常
2025-09-19 15:10:55,12.0,0.0,0.5364529472595657,11.33,116.29,596.2,2498.0,2722.0,1,正常,正常
2025-09-19 15:11:33,6.0,0.0,0.5380041365046536,11.31,116.1,595.25,0.0,0.0,1,正常,正常
2025-09-19 15:11:47,8.0,0.0,0.5387797311271976,23.310000000000002,116.03,650.89,2100.0,2920.0,1,正常,正常
2025-09-19 15:12:11,9.0,0.0,0.5398138572905895,13.3,115.91,610.31,1860.0,2674.0,1,正常,正常
2025-09-19 15:13:02,10.0,0.0,0.5385211995863496,11.28,115.66,593.07,2252.0,2640.0,1,正常,正常
2025-09-19 15:13:48,13.0,0.0,0.5405894519131335,11.26,115.44,591.92,5242.0,6056.0,1,正常,正常
2025-09-19 15:14:46,15.0,0.0,0.5405894519131335,11.24,115.19,590.67,10700.0,12204.0,-1,异常,NET
2025-09-19 15:15:07,31.0,13.0,0.5434332988624612,1779.72,115.09,113129.49,0.0,0.0,-1,异常,"CPU,IO"
2025-09-19 15:15:34,6.0,0.0,0.5418821096173733,14.71,114.96,812.98,0.0,0.0,1,正常,正常
2025-09-19 15:16:56,10.0,0.0,0.5403309203722855,16.66,114.57,826.22,1730.0,2312.0,1,正常,正常
2025-09-19 15:26:18,12.0,0.0,0.5426577042399172,14.35,111.97,791.78,0.0,0.0,1,正常,正常
2025-09-19 15:26:51,14.0,0.0,0.5423991726990692,15.33,119.82,790.82,11488.0,10387.0,-1,异常,NET
2025-09-19 15:27:18,8.0,0.0,0.5413650465356774,14.32,111.7,789.97,0.0,0.0,1,正常,正常
2025-09-19 15:27:45,8.0,0.0,0.5418821096173733,14.3,111.58,789.12,1492.0,1804.0,1,正常,正常
2025-09-19 15:28:58,12.0,0.0,0.531540847983454,14.26,111.25,786.8,2062.0,2812.0,1,正常,正常
2025-09-19 15:31:07,5.0,0.0,0.531282316442606,14.2,110.67,782.8,0.0,0.0,1,正常,正常
2025-09-19 15:31:15,9.0,0.0,0.531799379524302,14.19,110.63,782.54,2160.0,3098.0,1,正常,正常
2025-09-19 15:31:39,12.0,0.0,0.532574974146846,14.18,110.52,781.8,2152.0,2636.0,1,正常,正常
2025-09-19 15:32:04,15.0,0.0,0.5338676318510859,68.17,110.41,1033.0,0.0,0.0,1,正常,正常
2025-09-19 15:34:09,10.0,0.0,0.5351602895553258,14.11,109.86,777.17,2152.0,2782.0,1,正常,正常
2025-09-19 15:34:12,10.0,0.0,0.5356773526370218,14.1,109.84,777.08,2008.0,2650.0,1,正常,正常
2025-09-19 15:34:36,12.0,0.0,0.5392967942088935,14.09,109.74,776.35,1860.0,2680.0,1,正常,正常
2025-09-19 15:34:39,17.0,0.0,0.5387797311271976,14.09,109.73,776.26,2628.0,3028.0,1,正常,正常
2025-09-19 15:36:17,10.0,0.0,0.5377456049638056,17.04,109.3,805.29,1508.0,2182.0,1,正常,正常
2025-09-19 15:36:20,9.0,0.0,0.5377456049638056,14.04,109.29,773.19,2260.0,2836.0,1,正常,正常
2025-09-19 15:36:42,20.0,0.0,0.5382626680455016,14.03,109.19,772.55,0.0,0.0,1,正常,正常
2025-09-19 15:36:44,6.0,0.0,0.5385211995863496,14.03,109.18,772.48,0.0,0.0,1,正常,正常
2025-09-19 15:36:47,4.0,0.0,0.5385211995863496,14.03,109.17,772.39,1454.0,1820.0,1,正常,正常
2025-09-19 15:37:11,8.0,0.0,0.5385211995863496,16.02,109.07,811.68,0.0,0.0,1,正常,正常
2025-09-19 15:38:00,8.0,0.0,0.5392967942088935,16.0,108.85,810.2,1516.0,2112.0,1,正常,正常
2025-09-19 15:38:50,12.0,0.0,0.5382626680455016,13.97,108.64,768.71,1824.0,2236.0,1,正常,正常
2025-09-19 15:38:55,11.0,0.0,0.5390382626680456,13.97,108.62,768.56,3148.0,4124.0,1,正常,正常
2025-09-19 15:40:11,16.0,0.0,0.5400723888314375,15.93,108.29,794.29,1960.0,2662.0,1,正常,正常
2025-09-19 15:41:02,8.0,0.0,0.5395553257497415,15.91,108.07,804.79,1362.0,2058.0,1,正常,正常
2025-09-19 15:42:12,4.0,0.0,0.5411065149948294,15.829999999999998,107.77,790.1700000000001,1232.0,1774.0,1,正常,正常
2025-09-19 15:42:14,12.0,0.0,0.5390382626680456,13.87,107.76,762.66,5012.0,23466.0,1,正常,正常
2025-09-19 15:42:40,14.0,0.0,0.5416235780765254,13.86,107.66,761.9,2076.0,2652.0,1,正常,正常
2025-09-19 15:42:59,17.0,0.0,0.5418821096173733,16.85,107.57,793.32,2160.0,2798.0,1,正常,正常
2025-09-19 15:43:01,9.0,0.0,0.5411065149948294,13.85,107.56,761.26,3578.0,19552.0,1,正常,正常
2025-09-19 15:44:11,10.0,0.0,0.5392967942088935,13.82,107.27,759.24,0.0,0.0,1,正常,正常
2025-09-19 15:44:13,5.0,0.0,0.5398138572905895,24.810000000000002,107.26,815.18,5112.0,20610.0,1,正常,正常
2025-09-19 15:44:45,11.0,0.0,0.5403309203722855,20.73,107.13,802.1600000000001,1508.0,1828.0,1,正常,正常
2025-09-19 15:46:53,3.0,0.0,0.5382626680455016,15.74,106.6,782.91,1876.0,2658.0,1,正常,正常
2025-09-19 15:46:55,15.0,0.0,0.5382626680455016,13.74,106.59,754.85,3862.0,18432.0,1,正常,正常
2025-09-19 15:49:46,14.0,0.0,0.5418821096173733,13.66,105.88,749.95,0.0,0.0,1,正常,正常
2025-09-19 15:49:48,6.0,0.0,0.5405894519131335,13.66,105.87,749.89,3712.0,18592.0,1,正常,正常
2025-09-19 15:51:22,9.0,0.0,0.5429162357807652,13.62,105.49,747.23,1516.0,2128.0,1,正常,正常
2025-09-19 15:51:44,16.0,0.0,0.5436918304033092,16.61,105.4,778.63,2022.0,2544.0,1,正常,正常
2025-09-19 15:52:13,13.0,0.0,0.5403309203722855,13.59,105.29,745.82,1540.0,2152.0,1,正常,正常
2025-09-19 15:53:57,10.0,0.0,0.5426577042399172,13.55,104.86,743.44,0.0,0.0,1,正常,正常
2025-09-19 15:54:31,12.0,0.0,0.5405894519131335,13.54,104.73,742.66,5210.0,6306.0,1,正常,正常
2025-09-19 15:54:57,13.0,0.0,0.5416235780765254,13.53,104.63,741.95,0.0,0.0,1,正常,正常
2025-09-19 15:55:20,16.0,0.0,0.546794208893485,16.53,104.54,813.46,9618.0,7332.0,-1,异常,NET
2025-09-19 15:55:43,13.0,0.0,0.5447259565667011,17.52,104.45,776.85,2768.0,3248.0,1,正常,正常
2025-09-19 15:56:11,6.0,0.0,0.5447259565667011,15.5,104.34,776.08,0.0,0.0,1,正常,正常
2025-09-19 15:56:39,9.0,0.0,0.545760082730093,18.490000000000002,104.23,779.31,0.0,0.0,1,正常,正常
2025-09-19 15:57:28,8.0,0.0,0.5449844881075491,13.47,104.03,737.95,0.0,0.0,1,正常,正常
2025-09-19 15:58:22,5.0,0.0,0.546018614270941,18.439999999999998,103.82,776.48,0.0,0.0,1,正常,正常
2025-09-19 15:58:47,9.0,0.0,0.545243019648397,13.43,103.72,735.78,1548.0,2106.0,1,正常,正常
2025-09-19 16:00:01,6.0,0.0,0.546535677352637,15.4,103.43,749.78,0.0,0.0,1,正常,正常
2025-09-19 16:00:33,11.0,0.0,0.5470527404343329,13.38,103.31,732.91,1800.0,2544.0,1,正常,正常
2025-09-19 16:03:06,13.0,0.0,0.5491209927611168,13.31,102.71,728.74,1300.0,1936.0,1,正常,正常
2025-09-19 16:03:12,5.0,0.0,0.5488624612202688,13.31,102.69,728.6,0.0,0.0,1,正常,正常
2025-09-19 16:04:02,12.0,0.0,0.5501551189245087,13.29,102.5,727.25,1816.0,2498.0,1,正常,正常
2025-09-19 16:04:04,11.0,0.0,0.5511892450879007,13.28,102.49,727.19,4006.0,19416.0,1,正常,正常
                                                                                                  2025-09-21 13:36:52,12.0,0.0,0.49095139607032057,28.33,1086.74,660.5,0.0,0.0,1,正常,正常
2025-09-21 13:37:01,8.0,0.0,0.48940020682523266,28.12,1078.32,655.41,0.0,0.0,1,正常,正常
2025-09-21 13:37:34,20.0,0.0,0.49095139607032057,27.55,1050.23,640.91,3696.0,4594.0,1,正常,正常
2025-09-21 13:38:02,4.0,0.0,0.48940020682523266,27.03,1027.03,627.45,1786.0,2312.0,1,正常,正常
2025-09-21 13:39:24,15.0,0.0,0.4904343329886246,25.57,965.52,590.04,1972.0,2592.0,1,正常,正常
2025-09-21 13:39:44,7.0,0.0,0.49276111685625645,25.23,951.55,581.72,0.0,0.0,1,正常,正常
2025-09-21 13:40:38,10.0,0.0,0.4901758014477766,24.41,915.51,559.89,3040.0,3688.0,1,正常,正常
2025-09-21 13:41:09,12.0,0.0,0.4922440537745605,23.93,895.89,548.19,0.0,0.0,1,正常,正常
2025-09-21 13:43:15,13.0,0.0,0.4906928645294726,34.61,826.76,751.79,1892.0,2706.0,1,正常,正常
2025-09-21 13:43:24,12.0,0.0,0.4917269906928645,22.48,821.91,691.89,0.0,0.0,1,正常,正常
2025-09-21 13:43:43,7.0,0.0,0.4919855222337125,22.25,812.38,685.04,0.0,0.0,1,正常,正常
2025-09-21 13:47:14,34.0,0.0,0.5439503619441571,302.56,727.56,109341.9,0.0,0.0,-1,异常,IO
2025-09-21 13:48:04,16.0,0.0,0.49586349534643226,102.95,853.27,5738.43,4091.0,4522.0,1,正常,正常
2025-09-21 13:48:50,6.0,0.0,0.48784901758014476,93.81,691.0,5599.13,0.0,0.0,1,正常,正常
2025-09-21 13:49:23,10.0,0.0,0.48784901758014476,92.25,679.23,5504.03,1276.0,1850.0,1,正常,正常
2025-09-21 13:50:54,8.0,0.0,0.49095139607032057,90.17,648.85,5266.4,0.0,0.0,1,正常,正常
2025-09-21 13:51:08,15.0,0.0,0.4906928645294726,87.56,644.27,5221.34,4050.0,4816.0,1,正常,正常
2025-09-21 13:51:11,17.0,0.0,0.4904343329886246,87.42,643.29,5213.46,5262.0,19334.0,1,正常,正常
2025-09-21 13:51:25,6.0,0.0,0.4901758014477766,86.87,639.1,5179.68,1284.0,1850.0,1,正常,正常
2025-09-21 13:51:28,9.0,0.0,0.4906928645294726,88.74,638.14,5219.9,3550.0,2190.0,1,正常,正常
2025-09-21 13:51:31,6.0,0.0,0.4906928645294726,86.62,637.19,5164.2,1696.0,2270.0,1,正常,正常
2025-09-21 13:51:34,6.0,0.0,0.49095139607032057,93.49,636.24,5208.51,6538.0,7406.0,1,正常,正常
2025-09-21 13:51:37,7.0,0.0,0.49095139607032057,86.36,635.28,5148.82,0.0,0.0,1,正常,正常
2025-09-21 13:53:38,5.0,0.0,0.4981902792140641,85.72,600.32,4898.52,1560.0,1958.0,1,正常,正常
2025-09-21 13:53:49,9.0,0.0,0.49741468459152016,81.31,597.22,4841.5,1216.0,1688.0,1,正常,正常
2025-09-21 13:53:52,12.0,0.0,0.49793174767321613,81.2,596.38,4834.72,2664.0,2862.0,1,正常,正常
2025-09-21 13:59:11,13.0,0.0,0.4968976215098242,71.1,521.24,4226.4,1868.0,2722.0,1,正常,正常
2025-09-21 13:59:33,9.0,0.0,0.5015511892450879,89.52,517.22,12482.7,0.0,0.0,1,正常,正常
2025-09-21 14:00:01,8.0,0.0,0.5012926577042399,73.81,511.63,4213.33,0.0,0.0,1,正常,正常
2025-09-21 14:01:18,35.0,0.0,0.515253360910031,69.2,536.24,4095.13,710479.0,138478.0,-1,异常,NET
2025-09-21 14:01:41,13.0,0.0,0.5051706308169597,70.65,531.74,4088.63,0.0,0.0,1,正常,正常
2025-09-21 14:01:46,17.0,0.0,0.500775594622544,68.52,530.71,4052.82,525066.0,138234.0,-1,异常,NET
2025-09-21 14:04:54,8.0,0.0,0.5018097207859359,66.14,495.86,3827.74,1816.0,2528.0,1,正常,正常
2025-09-21 14:04:58,20.0,0.0,0.5010341261633919,69.05,495.15,3826.33,0.0,0.0,1,正常,正常
2025-09-21 14:05:23,18.0,0.0,0.5043950361944157,63.53,490.93,3750.31,0.0,0.0,1,正常,正常
2025-09-21 14:06:39,4.0,0.0,0.5041365046535677,66.93,478.35,3690.57,0.0,0.0,1,正常,正常
2025-09-21 14:07:35,9.0,0.0,0.5051706308169597,60.83,469.58,3587.82,1516.0,2120.0,1,正常,正常
2025-09-21 14:07:38,12.0,0.0,0.5049120992761117,60.76,469.1,3584.16,2404.0,3110.0,1,正常,正常
2025-09-21 14:09:16,7.0,0.0,0.5054291623578077,60.89,454.44,3488.52,0.0,0.0,1,正常,正常
2025-09-21 14:09:19,9.0,0.0,0.5059462254395036,58.84,453.99,3469.1,0.0,0.0,1,正常,正常
2025-09-21 14:09:22,9.0,0.0,0.5059462254395036,58.78,453.55,3465.69,0.0,0.0,1,正常,正常
2025-09-21 14:09:53,6.0,0.0,0.5036194415718718,58.21,449.12,3432.0,0.0,0.0,1,正常,正常
2025-09-21 14:11:38,5.0,0.0,0.5046535677352637,58.37,434.7,3350.11,0.0,0.0,1,正常,正常
2025-09-21 14:12:09,17.0,0.0,0.5049120992761117,55.86,430.63,3291.16,0.0,0.0,1,正常,正常
2025-09-21 14:12:11,3.0,0.0,0.5041365046535677,55.83,430.36,3289.1,4894.0,19096.0,1,正常,正常
2025-09-21 14:12:39,9.0,0.0,0.5067218200620476,60.31,426.64,3375.65,1516.0,2152.0,1,正常,正常
2025-09-21 14:16:08,19.0,0.0,0.561789038262668,71.71,455.95,4237.35,1860.0,2596.0,1,正常,正常
2025-09-21 14:16:39,8.0,0.0,0.5480868665977249,73.12,452.02,4228.92,1516.0,2112.0,1,正常,正常
2025-09-21 14:16:41,12.0,0.0,0.5491209927611168,71.08,451.75,4198.5,4296.0,18642.0,1,正常,正常
2025-09-21 14:17:07,10.0,0.0,0.5480868665977249,70.59,448.53,4168.64,1576.0,1982.0,1,正常,正常
2025-09-21 14:17:35,16.0,0.0,0.5483453981385729,81.94,445.09,4235.76,1876.0,2674.0,1,正常,正常
2025-09-21 14:18:20,8.0,0.0,0.5478283350568769,69.23,439.62,4086.03,6614.0,6782.0,1,正常,正常
2025-09-21 14:24:35,18.0,0.0,0.5377456049638056,63.51,407.04,3744.06,0.0,0.0,1,正常,正常
2025-09-21 14:25:00,17.0,0.0,0.5369700103412617,136.31,809.0799999999999,7956.58,0.0,0.0,1,正常,正常
2025-09-21 14:27:03,19.0,0.0,0.5408479834539814,122.78,785.36,7323.1,0.0,0.0,1,正常,正常
2025-09-21 14:30:04,9.0,0.0,0.5426577042399172,123.88,752.94,7454.280000000001,0.0,0.0,1,正常,正常
2025-09-21 14:30:41,16.0,0.0,0.5444674250258531,120.9,746.5699999999999,7075.27,0.0,0.0,1,正常,正常
2025-09-21 14:30:46,18.0,0.0,0.545243019648397,146.78,745.69,7147.13,612730.0,115546.0,-1,异常,NET
2025-09-21 14:31:32,18.0,0.0,0.5418821096173733,123.64,738.12,6980.83,0.0,0.0,1,正常,正常
2025-09-21 14:31:34,10.0,0.0,0.5413650465356774,115.59,737.78,6881.66,5240.0,20538.0,1,正常,正常
2025-09-21 14:31:58,12.0,0.0,0.5431747673216132,61.5,366.93,3470.67,2816.0,3608.0,1,正常,正常
2025-09-21 14:33:16,9.0,0.0,0.5431747673216132,113.11,721.28,6728.77,2240.0,3142.0,1,正常,正常
2025-09-21 14:33:43,14.0,0.0,0.5449844881075491,112.46,717.0699999999999,6689.65,4282.0,4392.0,1,正常,正常
2025-09-21 14:34:05,23.0,0.0,0.5444674250258531,57.97,356.85,3345.12,0.0,0.0,1,正常,正常
2025-09-21 14:34:07,8.0,0.0,0.545501551189245,55.94,356.69,3327.64,5846.0,21634.0,1,正常,正常
2025-09-21 14:34:33,9.0,0.0,0.546794208893485,55.63,354.64,3308.66,2532.0,3224.0,1,正常,正常
2025-09-21 14:37:49,30.0,0.0,0.5426577042399172,112.92,680.67,6456.0599999999995,2148.0,2968.0,1,正常,正常
2025-09-21 14:38:18,26.0,0.0,0.5473112719751809,53.16,338.32,3157.29,0.0,0.0,1,正常,正常
2025-09-27 13:15:05,14.0,0.0,0.5272358753483658,373.78999999999996,1716.14,10629.74,0.0,0.0,1,正常,正常
2025-09-27 13:15:06,15.0,0.0,0.5278692677983279,363.78999999999996,1863.25,6903.25,776.0,588.0,1,正常,正常
2025-09-27 13:15:07,20.0,0.0,0.527615910818343,387.78999999999996,1714.42,10814.75,636.0,524.0,1,正常,正常
2025-09-27 13:16:38,12.0,0.0,0.5201418799087915,755.3199999999999,3273.64,21482.75,174.0,106.0,1,正常,正常
2025-09-27 13:16:39,17.0,0.0,0.5203952368887763,744.3399999999999,3271.99,13809.85,0.0,0.0,1,正常,正常
2025-09-27 13:19:51,17.0,0.0,0.5240689130985559,375.1,1493.3,10854.41,256.0,218.0,1,正常,正常
2025-09-27 13:19:52,14.0,0.0,0.5235621991385863,746.21,2985.1899999999996,13971.6,396.0,580.0,1,正常,正常
2025-09-27 13:19:53,21.0,0.0,0.5243222700785407,773.22,2983.82,21950.82,336.0,374.0,1,正常,正常
2025-09-27 13:20:07,17.0,0.0,0.5243222700785407,316.28999999999996,1482.7,6226.82,60.0,98.0,1,正常,正常
2025-09-27 13:20:08,16.0,0.0,0.5233088421586015,837.96,2963.89,17935.09,380.0,426.0,1,正常,正常
2025-09-27 13:20:09,15.0,0.0,0.5233088421586015,1181.94,4443.6900000000005,25517.07,328.0,374.0,-1,异常,IO
2025-09-27 13:22:28,17.0,0.0,0.5252090195084874,669.6700000000001,2788.01,12833.67,0.0,0.0,1,正常,正常
2025-09-27 13:22:53,14.0,0.0,0.5238155561185711,335.57,1379.46,7299.93,2078.0,656.0,1,正常,正常
2025-09-27 13:22:54,17.0,0.0,0.5245756270585255,715.11,2757.62,16415.41,612.0,556.0,1,正常,正常
2025-09-27 13:22:55,16.0,0.0,0.5260957689384342,1045.1899999999998,4134.57,22839.670000000002,1484.0,1362.0,-1,异常,IO
2025-09-27 13:25:17,14.0,0.0,0.5245756270585255,389.31,1347.64,10884.369999999999,60.0,98.0,1,正常,正常
2025-09-27 13:25:18,19.0,0.0,0.5248289840385103,779.64,2694.08,14362.89,452.0,490.0,1,正常,正常
2025-09-27 13:25:19,24.0,0.0,0.5262224474284266,1567.98,4039.4,33191.759999999995,344.0,374.0,-1,异常,IO
2025-09-27 13:25:27,16.0,0.0,0.5255890549784646,381.48,1342.3,10824.16,60.0,98.0,1,正常,正常
2025-09-27 13:25:28,19.0,0.0,0.5239422346085635,375.48,1341.77,7105.2,388.0,366.0,1,正常,正常
2025-09-27 13:25:29,21.0,0.0,0.5247023055485178,1251.12,4023.3999999999996,33128.16,320.0,366.0,-1,异常,IO
2025-09-27 13:25:37,17.0,0.0,0.5249556625285027,388.55,1337.0,10899.35,0.0,0.0,1,正常,正常
2025-09-27 13:25:39,18.0,0.0,0.5239422346085635,1074.0900000000001,2671.74,18727.78,0.0,0.0,-1,异常,IO
2025-09-27 13:25:40,17.0,0.0,0.5238155561185711,1120.8400000000001,4005.94,23006.449999999997,1166.0,988.0,-1,异常,IO
2025-09-27 13:28:19,15.0,0.0,0.530149480618191,1175.1100000000001,3771.83,29814.23,60.0,60.0,-1,异常,IO
